name,category,location,state,courses_offered,min_cutoff_percentage,fees_min,fees_max,ranking,description,website,admission_basis,typical_rank_cutoff,gender_eligibility
IIT Madras,Engineering,Chennai,Tamil Nadu,"Computer Science, Mechanical Engineering, Electrical Engineering, Civil Engineering, Data Science",,200000,250000,1,"Premier government engineering institute, JEE Advanced based admission.",https://www.iitm.ac.in,JEE Advanced,500,Co-ed
IIT Delhi,Engineering,New Delhi,Delhi,"Computer Science, Electrical Engineering, Mechanical Engineering, Civil Engineering",,200000,250000,2,"Top-ranked IIT, JEE Advanced based admission.",https://home.iitd.ac.in,JEE Advanced,550,Co-ed
IIT Bombay,Engineering,Mumbai,Maharashtra,"Computer Science, Electrical Engineering, Mechanical Engineering, Aerospace Engineering",,200000,250000,1,Leading government engineering institute in India.,https://www.iitb.ac.in,JEE Advanced,450,Co-ed
IIT Kanpur,Engineering,Kanpur,Uttar Pradesh,"Computer Science, Mechanical Engineering, Electrical Engineering, Aerospace Engineering",,200000,250000,4,"Top IIT known for research, JEE Advanced based admission.",https://www.iitk.ac.in,JEE Advanced,700,Co-ed
IIT Kharagpur,Engineering,Kharagpur,West Bengal,"Computer Science, Mechanical Engineering, Civil Engineering, Mining Engineering",,200000,250000,5,"Oldest IIT, JEE Advanced based admission.",https://www.iitkgp.ac.in,JEE Advanced,900,Co-ed
IIT Roorkee,Engineering,Roorkee,Uttarakhand,"Computer Science, Civil Engineering, Electrical Engineering, Architecture",,200000,250000,6,"Premier IIT in North India, JEE Advanced based admission.",https://www.iitr.ac.in,JEE Advanced,1100,Co-ed
IIT Guwahati,Engineering,Guwahati,Assam,"Computer Science, Electronics and Communication, Mechanical Engineering, Civil Engineering",,200000,250000,7,"Top IIT in Northeast India, JEE Advanced based admission.",https://www.iitg.ac.in,JEE Advanced,1300,Co-ed
IIT Hyderabad,Engineering,Hyderabad,Telangana,"Computer Science, Electrical Engineering, Mechanical Engineering, AI and Data Science",,200000,250000,9,"Fast-growing IIT, JEE Advanced based admission.",https://www.iith.ac.in,JEE Advanced,1400,Co-ed
IIT (BHU) Varanasi,Engineering,Varanasi,Uttar Pradesh,"Computer Science, Electrical Engineering, Mechanical Engineering, Metallurgical Engineering",,150000,200000,11,"Historic IIT within Banaras Hindu University, JEE Advanced based.",https://www.iitbhu.ac.in,JEE Advanced,2000,Co-ed
NIT Trichy,Engineering,Tiruchirappalli,Tamil Nadu,"Computer Science, Electronics and Communication, Mechanical Engineering, Civil Engineering",,150000,180000,8,"Top NIT, JEE Main based admission.",https://www.nitt.edu,JEE Main,3000,Co-ed
NIT Warangal,Engineering,Warangal,Telangana,"Computer Science, Electrical Engineering, Mechanical Engineering, Civil Engineering",,150000,180000,10,Premier NIT in South India.,https://www.nitw.ac.in,JEE Main,3200,Co-ed
NIT Surathkal,Engineering,Surathkal,Karnataka,"Computer Science, Electronics and Communication, Mechanical Engineering, Civil Engineering",,150000,180000,9,"Top NIT on the west coast, JEE Main based admission.",https://www.nitk.ac.in,JEE Main,3100,Co-ed
NIT Rourkela,Engineering,Rourkela,Odisha,"Computer Science, Mechanical Engineering, Mining Engineering, Civil Engineering",,140000,170000,16,"Leading NIT in Eastern India, JEE Main based admission.",https://www.nitrkl.ac.in,JEE Main,4500,Co-ed
NIT Calicut,Engineering,Kozhikode,Kerala,"Computer Science, Electronics and Communication, Mechanical Engineering, Civil Engineering",,140000,170000,17,"Premier NIT in Kerala, JEE Main based admission.",https://www.nitc.ac.in,JEE Main,4700,Co-ed
VNIT Nagpur,Engineering,Nagpur,Maharashtra,"Computer Science, Electrical Engineering, Mechanical Engineering, Civil Engineering",,140000,170000,20,"Top NIT in Maharashtra, JEE Main based admission.",https://www.vnit.ac.in,JEE Main,5000,Co-ed
MNNIT Allahabad,Engineering,Prayagraj,Uttar Pradesh,"Computer Science, Electronics and Communication, Mechanical Engineering, Civil Engineering",,140000,170000,21,"Leading NIT in UP, JEE Main based admission.",https://www.mnnit.ac.in,JEE Main,5500,Co-ed
MANIT Bhopal,Engineering,Bhopal,Madhya Pradesh,"Computer Science, Electrical Engineering, Mechanical Engineering, Civil Engineering",,140000,170000,23,"Top NIT in Madhya Pradesh, JEE Main based admission.",https://www.manit.ac.in,JEE Main,6000,Co-ed
SVNIT Surat,Engineering,Surat,Gujarat,"Computer Science, Electronics and Communication, Mechanical Engineering, Civil Engineering",,140000,170000,24,"Leading NIT in Gujarat, JEE Main based admission.",https://www.svnit.ac.in,JEE Main,6200,Co-ed
MNIT Jaipur,Engineering,Jaipur,Rajasthan,"Computer Science, Electronics and Communication, Mechanical Engineering, Civil Engineering",,140000,170000,19,"Top NIT in Rajasthan, JEE Main based admission.",https://www.mnit.ac.in,JEE Main,5800,Co-ed
NIT Durgapur,Engineering,Durgapur,West Bengal,"Computer Science, Electronics and Communication, Mechanical Engineering, Civil Engineering",,130000,160000,28,"Leading NIT in West Bengal, JEE Main based admission.",https://www.nitdgp.ac.in,JEE Main,7500,Co-ed
NIT Kurukshetra,Engineering,Kurukshetra,Haryana,"Computer Science, Electronics and Communication, Mechanical Engineering, Civil Engineering",,130000,160000,27,"Top NIT in Haryana, JEE Main based admission.",https://www.nitkkr.ac.in,JEE Main,7200,Co-ed
NIT Jalandhar,Engineering,Jalandhar,Punjab,"Computer Science, Electronics and Communication, Mechanical Engineering, Civil Engineering",,130000,160000,30,"Leading NIT in Punjab, JEE Main based admission.",https://www.nitj.ac.in,JEE Main,8000,Co-ed
NIT Hamirpur,Engineering,Hamirpur,Himachal Pradesh,"Computer Science, Electronics and Communication, Mechanical Engineering, Civil Engineering",,120000,150000,40,"NIT in Himachal Pradesh, JEE Main based admission.",https://www.nith.ac.in,JEE Main,12000,Co-ed
NIT Patna,Engineering,Patna,Bihar,"Computer Science, Electronics and Communication, Mechanical Engineering, Civil Engineering",,120000,150000,38,"Leading NIT in Bihar, JEE Main based admission.",https://www.nitp.ac.in,JEE Main,11500,Co-ed
NIT Raipur,Engineering,Raipur,Chhattisgarh,"Computer Science, Electronics and Communication, Mechanical Engineering, Civil Engineering",,120000,150000,42,"NIT in Chhattisgarh, JEE Main based admission.",https://www.nitrr.ac.in,JEE Main,13000,Co-ed
NIT Agartala,Engineering,Agartala,Tripura,"Computer Science, Electronics and Communication, Mechanical Engineering, Civil Engineering",,110000,140000,55,"NIT serving Northeast India, JEE Main based admission.",https://www.nita.ac.in,JEE Main,18000,Co-ed
NIT Silchar,Engineering,Silchar,Assam,"Computer Science, Electronics and Communication, Mechanical Engineering, Civil Engineering",,110000,140000,52,"NIT in Assam, JEE Main based admission.",https://www.nits.ac.in,JEE Main,17000,Co-ed
NIT Delhi,Engineering,New Delhi,Delhi,"Computer Science, Electronics and Communication, Mechanical Engineering, Civil Engineering",,120000,150000,45,"NIT in the national capital, JEE Main based admission.",https://nitdelhi.ac.in,JEE Main,14500,Co-ed
NIT Uttarakhand,Engineering,Srinagar (Garhwal),Uttarakhand,"Computer Science, Electronics and Communication, Mechanical Engineering, Civil Engineering",,110000,140000,58,"NIT in Uttarakhand, JEE Main based admission.",https://www.nituk.ac.in,JEE Main,19000,Co-ed
NIT Goa,Engineering,Ponda,Goa,"Computer Science, Electronics and Communication, Mechanical Engineering, Civil Engineering",,110000,140000,60,"NIT in Goa, JEE Main based admission.",https://www.nitgoa.ac.in,JEE Main,20000,Co-ed
IIIT Hyderabad,Engineering,Hyderabad,Telangana,"Computer Science, Electronics and Communication, Computational Linguistics",,300000,350000,13,"Top IIIT known for CS research, JEE Main + own exam based admission.",https://www.iiit.ac.in,JEE Main,2500,Co-ed
IIIT Delhi,Engineering,New Delhi,Delhi,"Computer Science, Electronics and Communication, AI and Data Science",,250000,300000,15,"Leading IIIT in Delhi, JEE Main based admission.",https://www.iiitd.ac.in,JEE Main,2800,Co-ed
IIIT Bangalore,Engineering,Bengaluru,Karnataka,"Computer Science, Information Technology, Data Science",,280000,320000,18,"IIIT focused on IT and CS, primarily postgraduate, JEE Main based UG admission.",https://www.iiitb.ac.in,JEE Main,3500,Co-ed
Anna University CEG Campus,Engineering,Chennai,Tamil Nadu,"Computer Science, Information Technology, Mechanical Engineering, Civil Engineering, Electronics and Communication",85,50000,75000,25,Government engineering college under TNEA counseling.,https://www.annauniv.edu,TNEA,,Co-ed
PSG College of Technology,Engineering,Coimbatore,Tamil Nadu,"Computer Science, Information Technology, Mechanical Engineering, Electronics and Communication",82,150000,200000,30,Top private autonomous engineering college in Tamil Nadu.,https://www.psgtech.edu,TNEA,,Co-ed
Thiagarajar College of Engineering,Engineering,Madurai,Tamil Nadu,"Computer Science, Mechanical Engineering, Civil Engineering, Electronics and Communication",78,120000,160000,45,"Autonomous engineering college, TNEA counseling.",https://www.tce.edu,TNEA,,Co-ed
SSN College of Engineering,Engineering,Chennai,Tamil Nadu,"Computer Science, Information Technology, Electronics and Communication, Biomedical Engineering",80,140000,180000,40,Well-regarded private engineering college near Chennai.,https://www.ssn.edu.in,TNEA,,Co-ed
SRM Institute of Science and Technology,Engineering,Chennai,Tamil Nadu,"Computer Science, Information Technology, Mechanical Engineering, Biotechnology, AI and Data Science",,250000,350000,35,Large private deemed university with multiple specializations.,https://www.srmist.edu.in,SRMJEEE,25000,Co-ed
VIT Vellore,Engineering,Vellore,Tamil Nadu,"Computer Science, Information Technology, Electronics and Communication, Mechanical Engineering",,200000,280000,15,"Top private deemed university, VITEEE based admission.",https://vit.ac.in,VITEEE,15000,Co-ed
VIT Chennai,Engineering,Chennai,Tamil Nadu,"Computer Science, Information Technology, Electronics and Communication, Mechanical Engineering",,190000,260000,26,"VIT's Chennai campus, VITEEE based admission.",https://vit.ac.in,VITEEE,20000,Co-ed
Sathyabama Institute of Science and Technology,Engineering,Chennai,Tamil Nadu,"Computer Science, Information Technology, Mechanical Engineering, Aeronautical Engineering",60,180000,220000,60,Private deemed university in Chennai.,https://sathyabama.ac.in,Management Quota,,Co-ed
Hindustan Institute of Technology,Engineering,Chennai,Tamil Nadu,"Computer Science, Mechanical Engineering, Civil Engineering, Aerospace Engineering",55,150000,200000,70,"Private deemed university, management quota seats available.",https://www.hindustanuniv.ac.in,Management Quota,,Co-ed
Sri Sairam Engineering College,Engineering,Chennai,Tamil Nadu,"Computer Science, Information Technology, Electronics and Communication, Mechanical Engineering",65,90000,130000,50,Private engineering college under TNEA counseling.,https://www.sairam.edu.in,TNEA,,Co-ed
Coimbatore Institute of Technology,Engineering,Coimbatore,Tamil Nadu,"Computer Science, Mechanical Engineering, Civil Engineering, Electronics and Communication",76,60000,90000,42,Government-aided autonomous engineering college.,https://www.cit.edu.in,TNEA,,Co-ed
Government College of Technology Coimbatore,Engineering,Coimbatore,Tamil Nadu,"Mechanical Engineering, Civil Engineering, Production Engineering, Textile Technology",80,40000,60000,55,Government engineering college under TNEA counseling.,https://www.gct.ac.in,TNEA,,Co-ed
College of Engineering Guindy,Engineering,Chennai,Tamil Nadu,"Civil Engineering, Mechanical Engineering, Electronics and Communication, Computer Science",83,50000,75000,27,"Oldest engineering college in Tamil Nadu, part of Anna University, TNEA counseling.",https://www.ceg.annauniv.edu,TNEA,,Co-ed
BITS Pilani,Engineering,Pilani,Rajasthan,"Computer Science, Electronics and Communication, Mechanical Engineering, Chemical Engineering",,400000,450000,5,"Top private institute, BITSAT based admission.",https://www.bits-pilani.ac.in,BITSAT,330,Co-ed
BITS Pilani Hyderabad Campus,Engineering,Hyderabad,Telangana,"Computer Science, Electronics and Communication, Mechanical Engineering, Chemical Engineering",,380000,430000,16,"BITS Pilani's Hyderabad campus, BITSAT based admission.",https://www.bits-pilani.ac.in,BITSAT,320,Co-ed
BITS Pilani Goa Campus,Engineering,Zuarinagar,Goa,"Computer Science, Electronics and Communication, Mechanical Engineering, Chemical Engineering",,370000,420000,17,"BITS Pilani's Goa campus, BITSAT based admission.",https://www.bits-pilani.ac.in,BITSAT,330,Co-ed
Manipal Institute of Technology,Engineering,Manipal,Karnataka,"Computer Science, Information Technology, Electronics and Communication, Aeronautical Engineering",65,350000,420000,20,Well-known private institute under MAHE.,https://manipal.edu,Manipal Entrance Test,,Co-ed
RV College of Engineering,Engineering,Bengaluru,Karnataka,"Computer Science, Electronics and Communication, Mechanical Engineering, Information Science",84,150000,200000,18,Top autonomous private engineering college in Bengaluru.,https://rvce.edu.in,KCET,,Co-ed
PES University,Engineering,Bengaluru,Karnataka,"Computer Science, Electronics and Communication, Mechanical Engineering, Biotechnology",78,250000,320000,22,Well-regarded private university in Karnataka.,https://pes.edu,KCET,,Co-ed
BMS College of Engineering,Engineering,Bengaluru,Karnataka,"Computer Science, Electronics and Communication, Mechanical Engineering, Civil Engineering",76,140000,180000,32,"One of the oldest private engineering colleges in Karnataka, KCET based.",https://bmsce.ac.in,KCET,,Co-ed
M S Ramaiah Institute of Technology,Engineering,Bengaluru,Karnataka,"Computer Science, Electronics and Communication, Mechanical Engineering, Information Science",74,160000,200000,38,"Reputed autonomous engineering college in Bengaluru, KCET based.",https://www.msrit.edu,KCET,,Co-ed
Jadavpur University,Engineering,Kolkata,West Bengal,"Computer Science, Electrical Engineering, Mechanical Engineering, Civil Engineering",88,15000,25000,12,Top government university in eastern India.,http://www.jaduniv.edu.in,WBJEE,,Co-ed
Delhi Technological University,Engineering,New Delhi,Delhi,"Computer Science, Information Technology, Mechanical Engineering, Electronics and Communication",87,150000,180000,14,Premier government engineering university in Delhi.,http://dtu.ac.in,JEE Main,8500,Co-ed
Netaji Subhas University of Technology,Engineering,New Delhi,Delhi,"Computer Science, Electronics and Communication, Mechanical Engineering, Information Technology",85,140000,170000,29,"Leading government technical university in Delhi, JEE Main based.",http://www.nsut.ac.in,JEE Main,9500,Co-ed
College of Engineering Pune,Engineering,Pune,Maharashtra,"Computer Science, Mechanical Engineering, Civil Engineering, Electronics and Telecommunication",81,40000,60000,33,"Autonomous government engineering college, MHT-CET based admission.",https://www.coep.org.in,MHT-CET,,Co-ed
Veermata Jijabai Technological Institute,Engineering,Mumbai,Maharashtra,"Computer Science, Mechanical Engineering, Civil Engineering, Electronics Engineering",79,45000,65000,36,"Autonomous government institute in Mumbai, MHT-CET based admission.",https://www.vjti.ac.in,MHT-CET,,Co-ed
Pune Institute of Computer Technology,Engineering,Pune,Maharashtra,"Computer Science, Information Technology, Electronics and Telecommunication",75,100000,140000,48,"Reputed private autonomous college in Pune, MHT-CET based admission.",https://www.pict.edu,MHT-CET,,Co-ed
L D College of Engineering,Engineering,Ahmedabad,Gujarat,"Computer Science, Mechanical Engineering, Civil Engineering, Electrical Engineering",73,20000,35000,46,"Government engineering college in Gujarat, GUJCET based admission.",https://www.ldce.ac.in,GUJCET,,Co-ed
Nirma University,Engineering,Ahmedabad,Gujarat,"Computer Science, Information Technology, Mechanical Engineering, Civil Engineering",70,180000,220000,44,"Reputed private university in Gujarat, GUJCET/JEE Main based admission.",https://www.nirmauni.ac.in,GUJCET,,Co-ed
Indian Institute of Engineering Science and Technology Shibpur,Engineering,Howrah,West Bengal,"Computer Science, Mechanical Engineering, Civil Engineering, Electronics and Telecommunication",,150000,180000,25,"Oldest engineering institution in India, JEE Main based admission.",https://www.iiests.ac.in,JEE Main,5000,Co-ed
AIIMS New Delhi,Medical,New Delhi,Delhi,"MBBS, Medical Sciences",,5000,10000,1,"India's premier government medical institute, NEET based admission.",https://www.aiims.edu,NEET,100,Co-ed
AIIMS Bhopal,Medical,Bhopal,Madhya Pradesh,"MBBS, Medical Sciences",,6000,12000,12,"AIIMS campus in Madhya Pradesh, NEET based admission.",https://www.aiimsbhopal.edu.in,NEET,2500,Co-ed
AIIMS Bhubaneswar,Medical,Bhubaneswar,Odisha,"MBBS, Medical Sciences",,6000,12000,8,"AIIMS campus in Odisha, NEET based admission.",https://aiimsbhubaneswar.nic.in,NEET,2200,Co-ed
AIIMS Jodhpur,Medical,Jodhpur,Rajasthan,"MBBS, Medical Sciences",,6000,12000,9,"AIIMS campus in Rajasthan, NEET based admission.",https://www.aiimsjodhpur.edu.in,NEET,2300,Co-ed
AIIMS Rishikesh,Medical,Rishikesh,Uttarakhand,"MBBS, Medical Sciences",,6000,12000,10,"AIIMS campus in Uttarakhand, NEET based admission.",https://aiimsrishikesh.edu.in,NEET,2400,Co-ed
AIIMS Patna,Medical,Patna,Bihar,"MBBS, Medical Sciences",,6000,12000,14,"AIIMS campus in Bihar, NEET based admission.",https://aiimspatna.edu.in,NEET,2800,Co-ed
AIIMS Raipur,Medical,Raipur,Chhattisgarh,"MBBS, Medical Sciences",,6000,12000,16,"AIIMS campus in Chhattisgarh, NEET based admission.",https://aiimsraipur.edu.in,NEET,3500,Co-ed
AIIMS Nagpur,Medical,Nagpur,Maharashtra,"MBBS, Medical Sciences",,6000,12000,18,"AIIMS campus in Maharashtra, NEET based admission.",https://aiimsnagpur.edu.in,NEET,3800,Co-ed
AIIMS Mangalagiri,Medical,Mangalagiri,Andhra Pradesh,"MBBS, Medical Sciences",,6000,12000,20,"AIIMS campus in Andhra Pradesh, NEET based admission.",https://aiimsmangalagiri.edu.in,NEET,4200,Co-ed
JIPMER Puducherry,Medical,Puducherry,Puducherry,"MBBS, Medical Sciences",,5000,10000,4,"Top central institute for medical education and research, NEET based admission.",https://jipmer.edu.in,NEET,700,Co-ed
Christian Medical College Vellore,Medical,Vellore,Tamil Nadu,"MBBS, Medical Sciences, Nursing",,50000,80000,3,"Premier private minority medical institution, NEET based admission with own merit list.",https://www.cmch-vellore.edu,NEET,1500,Co-ed
Armed Forces Medical College Pune,Medical,Pune,Maharashtra,"MBBS, Medical Sciences",,70000,90000,6,"Government medical college under Ministry of Defence, NEET plus SSB interview.",https://afmc.nic.in,NEET,1200,Co-ed
Maulana Azad Medical College,Medical,New Delhi,Delhi,"MBBS, Medical Sciences",,15000,25000,7,"Top government medical college in Delhi, NEET based admission.",https://www.mamc.ac.in,NEET,1000,Co-ed
Vardhman Mahavir Medical College and Safdarjung Hospital,Medical,New Delhi,Delhi,"MBBS, Medical Sciences",,15000,25000,11,"Leading government medical college attached to Safdarjung Hospital, NEET based.",https://www.vmmc-sjh.nic.in,NEET,1400,Co-ed
King George's Medical University,Medical,Lucknow,Uttar Pradesh,"MBBS, Medical Sciences, Nursing",,20000,30000,13,"Premier state medical university in Uttar Pradesh, NEET based admission.",https://www.kgmu.org,NEET,2000,Co-ed
Institute of Medical Sciences BHU,Medical,Varanasi,Uttar Pradesh,"MBBS, Medical Sciences",,15000,25000,5,"Medical institute within Banaras Hindu University, NEET based admission.",https://www.bhu.ac.in,NEET,1800,Co-ed
Grant Medical College and Sir JJ Hospital,Medical,Mumbai,Maharashtra,"MBBS, Medical Sciences",,20000,30000,15,"Historic government medical college in Mumbai, NEET based admission.",https://gmcjjh.org,NEET,2100,Co-ed
Seth GS Medical College,Medical,Mumbai,Maharashtra,"MBBS, Medical Sciences",,20000,30000,17,"Premier government medical college affiliated with KEM Hospital, NEET based.",https://www.kem.edu,NEET,1900,Co-ed
Madras Medical College,Medical,Chennai,Tamil Nadu,"MBBS, Medical Sciences",,15000,25000,5,"Top government medical college in Tamil Nadu, NEET plus state counseling.",https://www.mmc.tn.gov.in,NEET,1600,Co-ed
Stanley Medical College,Medical,Chennai,Tamil Nadu,"MBBS, Medical Sciences",,15000,25000,22,"Government medical college in Chennai, NEET plus state counseling.",https://www.stanleymedicalcollege.com,NEET,3200,Co-ed
Kilpauk Medical College,Medical,Chennai,Tamil Nadu,"MBBS, Medical Sciences",,15000,25000,28,"Government medical college in Chennai, NEET plus state counseling.",https://www.kmc.tn.gov.in,NEET,3600,Co-ed
Government Medical College Thiruvananthapuram,Medical,Thiruvananthapuram,Kerala,"MBBS, Medical Sciences",,20000,30000,19,"Top government medical college in Kerala, NEET based admission.",https://www.gmc.kerala.gov.in,NEET,2900,Co-ed
Government Medical College Kozhikode,Medical,Kozhikode,Kerala,"MBBS, Medical Sciences",,20000,30000,24,"Leading government medical college in Kerala, NEET based admission.",https://gmckozhikode.kerala.gov.in,NEET,3300,Co-ed
Bangalore Medical College and Research Institute,Medical,Bengaluru,Karnataka,"MBBS, Medical Sciences",,20000,30000,21,"Premier government medical college in Karnataka, NEET based admission.",https://www.bmcri.org,NEET,3000,Co-ed
NIMHANS Bengaluru,Medical,Bengaluru,Karnataka,"Medical Sciences, Mental Health and Neurosciences",,15000,25000,2,"National institute for mental health and neurosciences, deemed university, NEET based PG admissions.",https://nimhans.ac.in,NEET,1100,Co-ed
Kasturba Medical College Manipal,Medical,Manipal,Karnataka,"MBBS, Medical Sciences, Dental Sciences",,1800000,2200000,25,"Top private medical college under MAHE, NEET based admission with high fees.",https://manipal.edu/kmc-manipal.html,NEET,15000,Co-ed
St John's Medical College,Medical,Bengaluru,Karnataka,"MBBS, Medical Sciences, Nursing",,1000000,1300000,23,"Private Christian minority medical college, NEET based admission.",https://stjohns.in,NEET,8000,Co-ed
Sri Ramachandra Medical College,Medical,Chennai,Tamil Nadu,"MBBS, Medical Sciences, Dental Sciences",,1800000,2200000,30,"Private deemed medical university in Chennai, NEET based admission.",https://sriramachandra.edu.in,NEET,12000,Co-ed
SRM Medical College,Medical,Chennai,Tamil Nadu,"MBBS, Medical Sciences",,2000000,2400000,40,"Private medical college under SRM, NEET based admission.",https://srmist.edu.in,NEET,18000,Co-ed
PGIMER Chandigarh,Medical,Chandigarh,Chandigarh,"Medical Sciences, MD/MS Specialties",,5000,10000,2,"Premier postgraduate medical institute, NEET-PG based admission.",https://pgimer.edu.in,NEET,300,Co-ed
Gandhi Medical College Bhopal,Medical,Bhopal,Madhya Pradesh,"MBBS, Medical Sciences",,20000,30000,32,"Government medical college in Madhya Pradesh, NEET based admission.",https://gmcbhopal.nic.in,NEET,5000,Co-ed
Government Medical College Nagpur,Medical,Nagpur,Maharashtra,"MBBS, Medical Sciences",,20000,30000,29,"Government medical college in Maharashtra, NEET based admission.",https://gmcnagpur.gov.in,NEET,4800,Co-ed
B.J. Medical College Ahmedabad,Medical,Ahmedabad,Gujarat,"MBBS, Medical Sciences",,20000,30000,26,"Government medical college in Gujarat, NEET based admission.",https://bjmcahmedabad.edu.in,NEET,4500,Co-ed
Patna Medical College,Medical,Patna,Bihar,"MBBS, Medical Sciences",,20000,30000,34,"Oldest government medical college in Bihar, NEET based admission.",https://pmch.bih.nic.in,NEET,6500,Co-ed
R G Kar Medical College,Medical,Kolkata,West Bengal,"MBBS, Medical Sciences",,15000,25000,33,"Government medical college in West Bengal, NEET based admission.",https://rgkarmc.org,NEET,6000,Co-ed
IPGMER and SSKM Hospital,Medical,Kolkata,West Bengal,"MBBS, Medical Sciences",,15000,25000,27,"Premier government medical institute in West Bengal, NEET based admission.",https://ipgmer.gov.in,NEET,5200,Co-ed
Osmania Medical College,Medical,Hyderabad,Telangana,"MBBS, Medical Sciences",,20000,30000,31,"Government medical college in Telangana, NEET based admission.",https://osmaniamedicalcollege.com,NEET,5500,Co-ed
Government Medical College Patiala,Medical,Patiala,Punjab,"MBBS, Medical Sciences",,20000,30000,36,"Government medical college in Punjab, NEET based admission.",https://gmch.gov.in,NEET,7000,Co-ed
SMS Medical College Jaipur,Medical,Jaipur,Rajasthan,"MBBS, Medical Sciences",,20000,30000,28,"Premier government medical college in Rajasthan, NEET based admission.",https://smsmcjpr.ac.in,NEET,5800,Co-ed
IIM Ahmedabad,Management,Ahmedabad,Gujarat,"MBA, Business Administration",,2300000,2500000,1,"India's top management institute, CAT based admission.",https://www.iima.ac.in,CAT,,Co-ed
IIM Bangalore,Management,Bengaluru,Karnataka,"MBA, Business Administration",,2300000,2500000,2,"Premier management institute, CAT based admission.",https://www.iimb.ac.in,CAT,,Co-ed
IIM Calcutta,Management,Kolkata,West Bengal,"MBA, Business Administration",,2300000,2500000,3,"One of India's oldest IIMs, CAT based admission.",https://www.iimcal.ac.in,CAT,,Co-ed
IIM Lucknow,Management,Lucknow,Uttar Pradesh,"MBA, Business Administration",,1800000,2000000,5,"Top IIM in North India, CAT based admission.",https://www.iiml.ac.in,CAT,,Co-ed
IIM Kozhikode,Management,Kozhikode,Kerala,"MBA, Business Administration",,1900000,2100000,4,"Leading IIM in South India, CAT based admission.",https://www.iimk.ac.in,CAT,,Co-ed
IIM Indore,Management,Indore,Madhya Pradesh,"MBA, Business Administration, Integrated Programme in Management",,1700000,1900000,6,"Top IIM known for IPM program, CAT based admission.",https://www.iimidr.ac.in,CAT,,Co-ed
IIM Shillong,Management,Shillong,Meghalaya,"MBA, Business Administration",,1300000,1500000,10,"IIM serving Northeast India, CAT based admission.",https://www.iimshillong.ac.in,CAT,,Co-ed
IIM Rohtak,Management,Rohtak,Haryana,"MBA, Business Administration, Integrated Programme in Management",,1300000,1500000,12,"IIM in Haryana with IPM program, CAT based admission.",https://www.iimrohtak.ac.in,CAT,,Co-ed
IIM Udaipur,Management,Udaipur,Rajasthan,"MBA, Business Administration",,1500000,1700000,9,"Newer IIM with growing reputation, CAT based admission.",https://www.iimu.ac.in,CAT,,Co-ed
IIM Ranchi,Management,Ranchi,Jharkhand,"MBA, Business Administration",,1300000,1500000,13,"IIM in Jharkhand, CAT based admission.",https://www.iimranchi.ac.in,CAT,,Co-ed
IIM Raipur,Management,Raipur,Chhattisgarh,"MBA, Business Administration",,1300000,1500000,14,"IIM in Chhattisgarh, CAT based admission.",https://www.iimraipur.ac.in,CAT,,Co-ed
IIM Tiruchirappalli,Management,Tiruchirappalli,Tamil Nadu,"MBA, Business Administration",,1300000,1500000,11,"IIM in Tamil Nadu, CAT based admission.",https://www.iimtrichy.ac.in,CAT,,Co-ed
IIM Kashipur,Management,Kashipur,Uttarakhand,"MBA, Business Administration",,1300000,1500000,16,"IIM in Uttarakhand, CAT based admission.",https://www.iimkashipur.ac.in,CAT,,Co-ed
IIM Nagpur,Management,Nagpur,Maharashtra,"MBA, Business Administration",,1300000,1500000,15,"IIM in Maharashtra, CAT based admission.",https://www.iimnagpur.ac.in,CAT,,Co-ed
IIM Amritsar,Management,Amritsar,Punjab,"MBA, Business Administration",,1100000,1300000,18,"IIM in Punjab, CAT based admission.",https://www.iimamritsar.ac.in,CAT,,Co-ed
IIM Jammu,Management,Jammu,Jammu and Kashmir,"MBA, Business Administration, Integrated Programme in Management",,1100000,1300000,19,"IIM in Jammu and Kashmir, CAT based admission.",https://www.iimj.ac.in,CAT,,Co-ed
IIM Visakhapatnam,Management,Visakhapatnam,Andhra Pradesh,"MBA, Business Administration",,1100000,1300000,17,"IIM in Andhra Pradesh, CAT based admission.",https://www.iimv.ac.in,CAT,,Co-ed
IIM Sambalpur,Management,Sambalpur,Odisha,"MBA, Business Administration",,1000000,1200000,20,"IIM in Odisha, CAT based admission.",https://www.iimsambalpur.ac.in,CAT,,Co-ed
IIM Bodh Gaya,Management,Bodh Gaya,Bihar,"MBA, Business Administration",,1000000,1200000,21,"IIM in Bihar, CAT based admission.",https://www.iimbg.ac.in,CAT,,Co-ed
XLRI Jamshedpur,Management,Jamshedpur,Jharkhand,"MBA, Business Administration, HR Management",,2400000,2600000,5,"Top private management institute, XAT based admission.",https://www.xlri.ac.in,XAT,,Co-ed
SP Jain Institute of Management and Research,Management,Mumbai,Maharashtra,"MBA, Business Administration",,1900000,2100000,8,"Reputed private B-school in Mumbai, CAT/XAT based admission.",https://www.spjimr.org,CAT,,Co-ed
NMIMS Mumbai,Management,Mumbai,Maharashtra,"MBA, Business Administration, Finance",,1800000,2000000,10,"Top-tier private B-school, NMAT based admission.",https://www.nmims.edu,NMAT,,Co-ed
Symbiosis Institute of Business Management Pune,Management,Pune,Maharashtra,"MBA, Business Administration",,1200000,1500000,18,"Reputed private B-school under Symbiosis, SNAP based admission.",https://www.sibmpune.edu.in,SNAP,,Co-ed
Indian School of Business Hyderabad,Management,Hyderabad,Telangana,"MBA, Post Graduate Programme in Management",,3700000,4000000,1,"Top-ranked one year MBA program, GMAT/GRE based admission.",https://www.isb.edu,GMAT,,Co-ed
Great Lakes Institute of Management,Management,Chennai,Tamil Nadu,"MBA, Business Analytics, Business Administration",,1500000,1800000,20,"Well-known private management institute in Chennai, CAT based admission.",https://www.greatlakes.edu.in,CAT,,Co-ed
Loyola Institute of Business Administration,Management,Chennai,Tamil Nadu,"MBA, Business Administration, HR Analytics",75,800000,1000000,25,"Reputed private B-school in Chennai, CAT/MAT based admission.",https://www.liba.edu,CAT,,Co-ed
Faculty of Management Studies Delhi,Management,New Delhi,Delhi,"MBA, Business Administration",,200000,250000,7,"Top government-affiliated B-school under University of Delhi, CAT based admission.",http://fms.edu,CAT,,Co-ed
Management Development Institute Gurgaon,Management,Gurugram,Haryana,"MBA, Business Administration, PGDM",,1700000,1900000,12,"Reputed private B-school in Haryana, CAT/XAT/GMAT based admission.",https://www.mdi.ac.in,CAT,,Co-ed
Institute of Management Technology Ghaziabad,Management,Ghaziabad,Uttar Pradesh,"PGDM, Business Administration",,1400000,1600000,16,"Well-known private B-school in UP, CAT/XAT based admission.",https://www.imt.edu,CAT,,Co-ed
T A Pai Management Institute,Management,Manipal,Karnataka,"MBA, Business Administration",,1100000,1300000,22,"Reputed B-school under MAHE, CAT/XAT/NMAT based admission.",https://www.tapmi.edu.in,CAT,,Co-ed
National Law School of India University,Law,Bengaluru,Karnataka,"BA LLB, LLM",92,250000,300000,1,"India's premier law school, CLAT based admission.",https://www.nls.ac.in,CLAT,,Co-ed
NALSAR University of Law,Law,Hyderabad,Telangana,"BA LLB, LLM",90,200000,250000,2,"Top law university, CLAT based admission.",https://www.nalsar.ac.in,CLAT,,Co-ed
National Law University Delhi,Law,New Delhi,Delhi,"BA LLB, LLM",,200000,250000,3,"Premier law university, AILET based admission (own entrance exam).",https://nludelhi.ac.in,AILET,,Co-ed
West Bengal National University of Juridical Sciences,Law,Kolkata,West Bengal,"BA LLB, LLM",88,180000,220000,4,"Leading law university in Eastern India, CLAT based admission.",https://www.nujs.edu,CLAT,,Co-ed
Gujarat National Law University,Law,Gandhinagar,Gujarat,"BA LLB, LLM, BBA LLB",86,200000,240000,5,"Top law university in Gujarat, CLAT based admission.",https://www.gnlu.ac.in,CLAT,,Co-ed
National Law Institute University Bhopal,Law,Bhopal,Madhya Pradesh,"BA LLB, LLM",84,180000,220000,6,"Reputed NLU in Madhya Pradesh, CLAT based admission.",https://www.nliu.ac.in,CLAT,,Co-ed
Rajiv Gandhi National University of Law,Law,Patiala,Punjab,"BA LLB, LLM",80,150000,180000,7,"NLU in Punjab, CLAT based admission.",https://www.rgnul.ac.in,CLAT,,Co-ed
Dr Ram Manohar Lohiya National Law University,Law,Lucknow,Uttar Pradesh,"BA LLB, LLM",80,150000,180000,8,"NLU in Uttar Pradesh, CLAT based admission.",https://www.rmlnlu.ac.in,CLAT,,Co-ed
National University of Study and Research in Law,Law,Ranchi,Jharkhand,"BA LLB, LLM",75,130000,160000,9,"NLU in Jharkhand, CLAT based admission.",https://www.nusrlranchi.ac.in,CLAT,,Co-ed
National Law University Jodhpur,Law,Jodhpur,Rajasthan,"BA LLB, LLM, BBA LLB",82,180000,210000,8,"Reputed NLU in Rajasthan, CLAT based admission.",https://www.nlujodhpur.ac.in,CLAT,,Co-ed
National Law University Odisha,Law,Cuttack,Odisha,"BA LLB, LLM",78,140000,170000,10,"NLU in Odisha, CLAT based admission.",https://nluo.ac.in,CLAT,,Co-ed
Tamil Nadu National Law University,Law,Tiruchirappalli,Tamil Nadu,"BA LLB, LLM",76,130000,160000,11,"NLU in Tamil Nadu, CLAT based admission.",https://www.tnnlu.ac.in,CLAT,,Co-ed
National Law University and Judicial Academy Assam,Law,Guwahati,Assam,"BA LLB, LLM",74,120000,150000,12,"NLU serving Northeast India, CLAT based admission.",https://www.nluassam.ac.in,CLAT,,Co-ed
Maharashtra National Law University Mumbai,Law,Mumbai,Maharashtra,"BA LLB, LLM",78,140000,170000,13,"NLU in Maharashtra, CLAT based admission.",https://mnlumumbai.edu.in,CLAT,,Co-ed
Maharashtra National Law University Nagpur,Law,Nagpur,Maharashtra,"BA LLB, LLM",72,120000,150000,14,"NLU in Maharashtra, CLAT based admission.",https://nlunagpur.ac.in,CLAT,,Co-ed
Himachal Pradesh National Law University,Law,Shimla,Himachal Pradesh,"BA LLB, LLM",70,110000,140000,15,"NLU in Himachal Pradesh, CLAT based admission.",https://hpnlu.ac.in,CLAT,,Co-ed
Government Law College Chennai,Law,Chennai,Tamil Nadu,"BA LLB, BL",70,15000,25000,30,"Government law college in Chennai, TNDALU counseling.",https://tndalu.ac.in,TNDALU,,Co-ed
School of Excellence in Law Chennai,Law,Chennai,Tamil Nadu,BA LLB,78,80000,100000,15,Constituent law school of Tamil Nadu Dr Ambedkar Law University.,https://tndalu.ac.in,TNDALU,,Co-ed
Symbiosis Law School Pune,Law,Pune,Maharashtra,"BA LLB, BBA LLB",,300000,350000,8,"Top private law school, SLAT based admission.",https://www.symlaw.ac.in,SLAT,,Co-ed
Jindal Global Law School,Law,Sonipat,Haryana,"BA LLB, BBA LLB",,600000,700000,5,"Premier private law school under OP Jindal Global University, own entrance test.",https://jgu.edu.in/jgls,LSAT India,,Co-ed
Faculty of Law Delhi University,Law,New Delhi,Delhi,"LLB, LLM",75,15000,25000,9,"Government law faculty under University of Delhi, CUET based admission.",https://lawfaculty.du.ac.in,CUET,,Co-ed
ILS Law College Pune,Law,Pune,Maharashtra,"BA LLB, LLB",72,80000,110000,16,"Reputed autonomous law college in Pune, MH-CET Law based admission.",https://ilslaw.edu,MH-CET Law,,Co-ed
Government Law College Mumbai,Law,Mumbai,Maharashtra,"LLB, LLM",70,15000,25000,18,"Oldest law college in India, MH-CET Law based admission.",https://glcmumbai.com,MH-CET Law,,Co-ed
Loyola College Chennai,Arts and Science,Chennai,Tamil Nadu,"B.Com, B.A. Economics, B.Sc. Computer Science, B.Sc. Physics, B.A. English",75,30000,50000,8,Premier autonomous arts and science college in Chennai.,https://www.loyolacollege.edu,CUET,,Co-ed
Madras Christian College,Arts and Science,Chennai,Tamil Nadu,"B.A. Economics, B.Sc. Computer Science, B.Com, B.A. History, B.Sc. Mathematics",72,25000,45000,10,Historic autonomous college affiliated with University of Madras.,https://mcc.edu.in,CUET,,Co-ed
Presidency College Chennai,Arts and Science,Chennai,Tamil Nadu,"B.A. Economics, B.Sc. Physics, B.Sc. Chemistry, B.Com",65,10000,18000,20,"Government arts and science college, one of the oldest in India.",https://www.presidencychennai.edu.in,TNEA,,Co-ed
Stella Maris College,Arts and Science,Chennai,Tamil Nadu,"B.A. Economics, B.Sc. Computer Science, B.Com, B.A. English",70,40000,55000,15,Top women's autonomous college in Chennai.,https://www.stellamariscollege.edu.in,CUET,,Women Only
PSGR Krishnammal College for Women,Arts and Science,Coimbatore,Tamil Nadu,"B.Com, B.Sc. Computer Science, B.A. Economics, B.Sc. Costume Design",68,35000,50000,28,Reputed women's autonomous college in Coimbatore.,https://www.psgrkcw.ac.in,CUET,,Women Only
St Xavier's College Mumbai,Arts and Science,Mumbai,Maharashtra,"B.A. Economics, B.Sc. Computer Science, B.Com, B.A. Sociology",78,40000,60000,5,Premier autonomous college affiliated with University of Mumbai.,https://xaviers.edu,CUET,,Co-ed
Lady Shri Ram College,Arts and Science,New Delhi,Delhi,"B.A. Economics, B.Com, B.A. English, B.A. Political Science",82,35000,50000,3,Premier women's college under University of Delhi.,https://lsr.edu.in,CUET,,Women Only
Hindu College Delhi,Arts and Science,New Delhi,Delhi,"B.A. Economics, B.Sc. Physics, B.Com, B.A. History",80,20000,30000,6,"Premier college under University of Delhi, CUET based admission.",https://hinducollege.ac.in,CUET,,Co-ed
St Stephen's College Delhi,Arts and Science,New Delhi,Delhi,"B.A. Economics, B.Sc. Physics, B.A. English, B.A. History",85,30000,45000,2,Premier autonomous college under University of Delhi.,https://www.ststephens.edu,CUET,,Co-ed
Miranda House,Arts and Science,New Delhi,Delhi,"B.A. Economics, B.Sc. Computer Science, B.Com, B.A. English",83,20000,30000,1,Top women's college under University of Delhi.,https://www.mirandahouse.ac.in,CUET,,Women Only
Christ University,Arts and Science,Bengaluru,Karnataka,"B.A. Economics, B.Com, B.Sc. Computer Science, B.A. Psychology",70,120000,160000,12,Leading private deemed university in Bengaluru.,https://christuniversity.in,Christ University Entrance Test,,Co-ed
Mount Carmel College,Arts and Science,Bengaluru,Karnataka,"B.Com, B.A. Economics, B.Sc. Computer Science, B.A. Psychology",68,50000,70000,32,Reputed autonomous women's college in Bengaluru.,https://mccblr.edu.in,Own Entrance Test,,Women Only
St Joseph's College Bengaluru,Arts and Science,Bengaluru,Karnataka,"B.A. Economics, B.Com, B.Sc. Computer Science, B.A. English",69,45000,65000,30,Autonomous college affiliated with Bengaluru University.,https://sjc.ac.in,Own Entrance Test,,Co-ed
Fergusson College,Arts and Science,Pune,Maharashtra,"B.A. Economics, B.Sc. Physics, B.Com, B.Sc. Computer Science",70,20000,30000,18,"Historic autonomous college in Pune, MH state board based admission.",https://fergusson.edu,Merit Based,,Co-ed
St Xavier's College Kolkata,Arts and Science,Kolkata,West Bengal,"B.Com, B.A. Economics, B.Sc. Computer Science, B.A. English",72,30000,45000,14,Premier autonomous college in Kolkata.,https://sxccal.edu,CUET,,Co-ed
Presidency University Kolkata,Arts and Science,Kolkata,West Bengal,"B.A. Economics, B.Sc. Physics, B.Sc. Chemistry, B.Com",68,8000,15000,22,"Historic government college, one of the oldest in India.",https://www.presiuniv.ac.in,WBJEE,,Co-ed
Symbiosis College of Arts and Commerce,Arts and Science,Pune,Maharashtra,"B.A. Economics, B.Com, B.Sc. Computer Science",65,80000,110000,35,"Reputed private college under Symbiosis, SET based admission.",https://www.scac.ac.in,SET,,Co-ed
Loyola Academy Hyderabad,Arts and Science,Hyderabad,Telangana,"B.Com, B.A. Economics, B.Sc. Computer Science",66,30000,45000,38,Autonomous college in Hyderabad affiliated with Osmania University.,https://loyolaacademy.edu.in,Merit Based,,Co-ed
Andhra Loyola College,Arts and Science,Vijayawada,Andhra Pradesh,"B.Com, B.Sc. Computer Science, B.A. Economics",62,25000,38000,42,Autonomous college in Andhra Pradesh.,https://andhraloyolacollege.ac.in,Merit Based,,Co-ed
St Joseph's College Devagiri,Arts and Science,Kozhikode,Kerala,"B.Com, B.A. Economics, B.Sc. Computer Science",64,15000,25000,40,Reputed autonomous college in Kerala.,https://devagiricollege.org,Merit Based,,Co-ed
Government Polytechnic College Chennai,Polytechnic,Chennai,Tamil Nadu,"Diploma in Mechanical Engineering, Diploma in Civil Engineering, Diploma in Electronics",55,8000,12000,20,Government polytechnic offering diploma courses after 10th.,https://dote.tn.gov.in,TNEA Polytechnic,,Co-ed
Central Polytechnic College Chennai,Polytechnic,Chennai,Tamil Nadu,"Diploma in Computer Engineering, Diploma in Electronics, Diploma in Mechanical Engineering",58,8000,12000,15,Premier government polytechnic in Tamil Nadu.,https://dote.tn.gov.in,TNEA Polytechnic,,Co-ed
Murugappa Polytechnic College,Polytechnic,Chennai,Tamil Nadu,"Diploma in Mechanical Engineering, Diploma in Electrical Engineering",50,30000,45000,35,Private polytechnic college offering technical diplomas.,https://dote.tn.gov.in,TNEA Polytechnic,,Co-ed
Government Polytechnic Mumbai,Polytechnic,Mumbai,Maharashtra,"Diploma in Computer Engineering, Diploma in Mechanical Engineering, Diploma in Civil Engineering",52,10000,15000,18,Premier government polytechnic in Maharashtra.,https://gpmumbai.ac.in,MHT-CET Polytechnic,,Co-ed
Government Polytechnic Pune,Polytechnic,Pune,Maharashtra,"Diploma in Computer Engineering, Diploma in Electronics, Diploma in Civil Engineering",50,10000,15000,22,Government polytechnic in Pune.,https://gppune.ac.in,MHT-CET Polytechnic,,Co-ed
Delhi Skill and Entrepreneurship University Polytechnic,Polytechnic,New Delhi,Delhi,"Diploma in Computer Engineering, Diploma in Electrical Engineering",48,12000,18000,25,Government polytechnic in Delhi.,https://dseu.ac.in,CET Polytechnic,,Co-ed
Government Polytechnic Bengaluru,Polytechnic,Bengaluru,Karnataka,"Diploma in Mechanical Engineering, Diploma in Computer Science",50,9000,14000,28,Government polytechnic in Karnataka.,https://gpb.kar.nic.in,KCET Diploma,,Co-ed
Government Women's Polytechnic Trivandrum,Polytechnic,Thiruvananthapuram,Kerala,"Diploma in Computer Engineering, Diploma in Electronics",48,8000,12000,30,Government polytechnic exclusively for women in Kerala.,https://gwptvm.ac.in,Merit Based,,Women Only
Institute of Hotel Management Catering and Nutrition Mumbai,Polytechnic,Mumbai,Maharashtra,"Diploma in Hotel Management, Craftsmanship Course",45,30000,50000,10,Premier government hotel management institute in India.,https://ihmctan.edu,NCHMCT JEE,,Co-ed
Indira Gandhi National Open University,Distance Education,New Delhi,Delhi,"B.A., B.Com, BCA, MBA Distance, Diploma Courses",,15000,40000,1,"India's largest open and distance learning university, no cutoff barrier.",https://www.ignou.ac.in,Open Admission,,Co-ed
Annamalai University Distance Education,Distance Education,Chidambaram,Tamil Nadu,"B.A., B.Com, B.Sc., MBA Distance",,10000,30000,10,Distance education wing of Annamalai University.,https://www.annamalaiuniversity.ac.in,Open Admission,,Co-ed
University of Madras Institute of Distance Education,Distance Education,Chennai,Tamil Nadu,"B.A., B.Com, B.Sc., MA Distance",,8000,20000,12,Distance education programs from University of Madras.,https://www.unom.ac.in,Open Admission,,Co-ed
Symbiosis Centre for Distance Learning,Distance Education,Pune,Maharashtra,"BBA, MBA Distance, B.Com",,25000,60000,5,Distance learning programs under Symbiosis International University.,https://scdl.net,Open Admission,,Co-ed
Netaji Subhas Open University,Distance Education,Kolkata,West Bengal,"B.A., B.Com, B.Sc., MA Distance",,8000,18000,8,State open university in West Bengal.,https://www.wbnsou.ac.in,Open Admission,,Co-ed
Dr B R Ambedkar Open University,Distance Education,Hyderabad,Telangana,"B.A., B.Com, B.Sc. Distance",,7000,15000,9,State open university in Telangana.,https://www.braou.ac.in,Open Admission,,Co-ed
Yashwantrao Chavan Maharashtra Open University,Distance Education,Nashik,Maharashtra,"B.A., B.Com, BBA, MBA Distance",,8000,20000,7,State open university in Maharashtra.,https://ycmou.ac.in,Open Admission,,Co-ed
Karnataka State Open University,Distance Education,Mysuru,Karnataka,"B.A., B.Com, B.Sc. Distance",,7000,15000,11,State open university in Karnataka.,https://ksoumysuru.ac.in,Open Admission,,Co-ed
Dr B R Ambedkar University Delhi School of Open Learning,Distance Education,New Delhi,Delhi,"B.A., B.Com Distance",,6000,12000,6,Open learning school affiliated with University of Delhi.,https://sol.du.ac.in,Open Admission,,Co-ed
National Institute of Open Schooling,Distance Education,Noida,Uttar Pradesh,"Secondary, Senior Secondary, Vocational Diploma Courses",,3000,8000,2,National board for open schooling and vocational education.,https://www.nios.ac.in,Open Admission,,Co-ed
National University of Singapore,International Universities,Singapore,Singapore,"Computer Science, Business Administration, Engineering, Data Science",,2500000,3200000,1,"Top-ranked international university in Asia, accepts Indian board scores.",https://www.nus.edu.sg,SAT/Direct Admission,,Co-ed
University of Melbourne,International Universities,Melbourne,Australia,"Computer Science, Business Administration, Engineering, Commerce",,2800000,3500000,1,"Leading Australian university, accepts Indian 12th board scores with IELTS.",https://www.unimelb.edu.au,Direct Admission,,Co-ed
University of Toronto,International Universities,Toronto,Canada,"Computer Science, Engineering, Business Administration, Life Sciences",,3500000,4200000,1,"Top Canadian university, requires Indian 12th marks and English proficiency test.",https://www.utoronto.ca,Direct Admission,,Co-ed
National University of Malaysia,International Universities,Bangi,Malaysia,"Computer Science, Engineering, Business Administration",,1200000,1600000,5,"Reputed Malaysian university, accepts Indian board scores with English proficiency.",https://www.ukm.my,Direct Admission,,Co-ed
University of Birmingham,International Universities,Birmingham,United Kingdom,"Computer Science, Business Administration, Engineering",,2900000,3400000,3,"Top UK university, accepts Indian 12th board scores with IELTS.",https://www.birmingham.ac.in,Direct Admission,,Co-ed
National Institute of Technology Andhra Pradesh,Engineering,Tadepalligudem,Andhra Pradesh,"Computer Science, Electronics and Communication, Mechanical Engineering, Civil Engineering",,130000,160000,46,"NIT in Andhra Pradesh, JEE Main based admission.",https://www.nitandhra.ac.in,JEE Main,9000,Co-ed
National Institute of Technology Meghalaya,Engineering,Shillong,Meghalaya,"Computer Science, Electronics and Communication, Mechanical Engineering",,110000,140000,62,"NIT serving Meghalaya and Northeast India, JEE Main based admission.",https://www.nitm.ac.in,JEE Main,21000,Co-ed
National Institute of Technology Manipur,Engineering,Imphal,Manipur,"Computer Science, Electronics and Communication, Mechanical Engineering, Civil Engineering",,110000,140000,63,"NIT in Manipur, JEE Main based admission.",https://www.nitmanipur.ac.in,JEE Main,22000,Co-ed
National Institute of Technology Mizoram,Engineering,Aizawl,Mizoram,"Computer Science, Electronics and Communication, Civil Engineering",,110000,140000,64,"NIT in Mizoram, JEE Main based admission.",https://www.nitmz.ac.in,JEE Main,23000,Co-ed
National Institute of Technology Nagaland,Engineering,Dimapur,Nagaland,"Computer Science, Electronics and Communication, Mechanical Engineering",,110000,140000,65,"NIT in Nagaland, JEE Main based admission.",https://www.nitnagaland.ac.in,JEE Main,24000,Co-ed
National Institute of Technology Sikkim,Engineering,Ravangla,Sikkim,"Computer Science, Electronics and Communication, Civil Engineering",,110000,140000,66,"NIT in Sikkim, JEE Main based admission.",https://www.nitsikkim.ac.in,JEE Main,25000,Co-ed
National Institute of Technology Arunachal Pradesh,Engineering,Yupia,Arunachal Pradesh,"Computer Science, Electronics and Communication, Mechanical Engineering",,110000,140000,67,"NIT in Arunachal Pradesh, JEE Main based admission.",https://www.nitap.ac.in,JEE Main,26000,Co-ed
National Institute of Technology Puducherry,Engineering,Karaikal,Puducherry,"Computer Science, Electronics and Communication, Mechanical Engineering, Civil Engineering",,120000,150000,48,"NIT in Puducherry, JEE Main based admission.",https://www.nitpy.ac.in,JEE Main,15000,Co-ed
National Institute of Technology Jamshedpur,Engineering,Jamshedpur,Jharkhand,"Computer Science, Electronics and Communication, Mechanical Engineering, Civil Engineering",,130000,160000,35,"NIT in Jharkhand, JEE Main based admission.",https://www.nitjsr.ac.in,JEE Main,8500,Co-ed
National Institute of Technology Srinagar,Engineering,Srinagar,Jammu and Kashmir,"Computer Science, Electronics and Communication, Mechanical Engineering, Civil Engineering",,120000,150000,44,"NIT in Jammu and Kashmir, JEE Main based admission.",https://www.nitsri.ac.in,JEE Main,10500,Co-ed
Birla Institute of Technology Mesra,Engineering,Ranchi,Jharkhand,"Computer Science, Electronics and Communication, Mechanical Engineering, Biotechnology",70,180000,220000,32,"Reputed private deemed university in Jharkhand, JEE Main based admission.",https://www.bitmesra.ac.in,JEE Main,18000,Co-ed
Indian Institute of Information Technology Allahabad,Engineering,Prayagraj,Uttar Pradesh,"Computer Science, Electronics and Communication, Information Technology",,250000,300000,22,"IIIT focused on IT, JEE Main based admission.",https://www.iiita.ac.in,JEE Main,4000,Co-ed
Andhra University College of Engineering,Engineering,Visakhapatnam,Andhra Pradesh,"Computer Science, Mechanical Engineering, Civil Engineering, Electronics and Communication",78,30000,50000,40,"Government engineering college in Andhra Pradesh, AP EAMCET based admission.",https://www.andhrauniversity.edu.in,AP EAMCET,,Co-ed
JNTU College of Engineering Hyderabad,Engineering,Hyderabad,Telangana,"Computer Science, Mechanical Engineering, Civil Engineering, Electronics and Communication",76,30000,50000,43,"Government engineering college in Telangana, TS EAMCET based admission.",https://jntuh.ac.in,TS EAMCET,,Co-ed
Indian Institute of Technology Dhanbad (ISM),Engineering,Dhanbad,Jharkhand,"Mining Engineering, Computer Science, Mechanical Engineering, Petroleum Engineering",,150000,200000,15,"Premier IIT specializing in mining and earth sciences, JEE Advanced based admission.",https://www.iitism.ac.in,JEE Advanced,3500,Co-ed
Government Engineering College Thrissur,Engineering,Thrissur,Kerala,"Computer Science, Electronics and Communication, Mechanical Engineering, Civil Engineering",77,30000,45000,50,"Government engineering college in Kerala, KEAM based admission.",https://www.gectcr.ac.in,KEAM,,Co-ed
College of Engineering Trivandrum,Engineering,Thiruvananthapuram,Kerala,"Computer Science, Electronics and Communication, Mechanical Engineering, Civil Engineering",79,30000,45000,37,"Premier government engineering college in Kerala, KEAM based admission.",https://cet.ac.in,KEAM,,Co-ed
University of Petroleum and Energy Studies,Engineering,Dehradun,Uttarakhand,"Computer Science, Petroleum Engineering, Mechanical Engineering, AI and Data Science",60,250000,320000,55,"Private university known for energy sector specializations, own entrance test.",https://www.upes.ac.in,UPESEAT,,Co-ed
Graphic Era University,Engineering,Dehradun,Uttarakhand,"Computer Science, Electronics and Communication, Mechanical Engineering, Civil Engineering",58,160000,200000,65,Private university in Uttarakhand.,https://www.geu.ac.in,Own Entrance Test,,Co-ed
KIIT University,Engineering,Bhubaneswar,Odisha,"Computer Science, Electronics and Communication, Mechanical Engineering, Biotechnology",,300000,360000,28,"Top private deemed university in Odisha, KIITEE based admission.",https://kiit.ac.in,KIITEE,5000,Co-ed
GITAM University,Engineering,Visakhapatnam,Andhra Pradesh,"Computer Science, Electronics and Communication, Mechanical Engineering, Biotechnology",65,250000,300000,58,"Private deemed university in Andhra Pradesh, GAT based admission.",https://www.gitam.edu,GITAM GAT,,Co-ed
National Institute of Pharmaceutical Education and Research,Engineering,Mohali,Punjab,"Pharmaceutical Sciences, Biotechnology",,100000,150000,3,"Premier institute for pharmacy and pharmaceutical research, JEE/GPAT based admission.",https://niper.gov.in,GPAT,,Co-ed
PSG Polytechnic College,Polytechnic,Coimbatore,Tamil Nadu,"Diploma in Mechanical Engineering, Diploma in Computer Engineering, Diploma in Electronics",58,40000,55000,12,Reputed private polytechnic in Tamil Nadu.,https://www.psgpolytechnic.ac.in,TNEA Polytechnic,,Co-ed
Government Polytechnic Lucknow,Polytechnic,Lucknow,Uttar Pradesh,"Diploma in Civil Engineering, Diploma in Mechanical Engineering, Diploma in Electronics",48,10000,15000,32,Government polytechnic in Uttar Pradesh.,https://gpclko.ac.in,JEECUP,,Co-ed
Government Polytechnic Ahmedabad,Polytechnic,Ahmedabad,Gujarat,"Diploma in Mechanical Engineering, Diploma in Computer Engineering",46,9000,14000,33,Government polytechnic in Gujarat.,https://gpa.ac.in,GUJCET Diploma,,Co-ed
Government Polytechnic Kolkata,Polytechnic,Kolkata,West Bengal,"Diploma in Electrical Engineering, Diploma in Civil Engineering",45,9000,14000,36,Government polytechnic in West Bengal.,https://gpkolkata.ac.in,JEXPO,,Co-ed
Loyola College Vijayawada,Arts and Science,Vijayawada,Andhra Pradesh,"B.Com, B.Sc. Computer Science, B.A. Economics",60,20000,30000,48,Autonomous arts and science college in Andhra Pradesh.,https://loyolaacademy.edu.in,Merit Based,,Co-ed
Patna Women's College,Arts and Science,Patna,Bihar,"B.A. Economics, B.Com, B.Sc. Computer Science",62,15000,25000,44,Reputed autonomous women's college in Bihar.,https://patnawomenscollege.in,Merit Based,,Women Only
Cotton University,Arts and Science,Guwahati,Assam,"B.A. Economics, B.Sc. Physics, B.Com, B.Sc. Computer Science",64,8000,15000,36,Premier government university in Assam.,https://www.cottonuniversity.ac.in,Merit Based,,Co-ed
Government College Ajmer,Arts and Science,Ajmer,Rajasthan,"B.A. Economics, B.Com, B.Sc. Computer Science",55,8000,15000,52,Government arts and science college in Rajasthan.,https://gcajmer.ac.in,Merit Based,,Co-ed
University of Queensland,International Universities,Brisbane,Australia,"Computer Science, Business Administration, Engineering, Life Sciences",,2700000,3300000,2,"Top Australian university, accepts Indian 12th board scores with IELTS.",https://www.uq.edu.au,Direct Admission,,Co-ed
University of Auckland,International Universities,Auckland,New Zealand,"Computer Science, Business Administration, Engineering",,2400000,3000000,4,"Leading New Zealand university, accepts Indian board scores.",https://www.auckland.ac.nz,Direct Admission,,Co-ed
Saveetha Engineering College,Engineering,Chennai,Tamil Nadu,"Computer Science, Information Technology, Electronics and Communication, Mechanical Engineering",62,120000,160000,52,"Private engineering college in Chennai, TNEA counseling.",https://www.saveetha.ac.in,TNEA,,Co-ed
Easwari Engineering College,Engineering,Chennai,Tamil Nadu,"Computer Science, Information Technology, Electronics and Communication, Mechanical Engineering",64,110000,150000,49,"SRM group engineering college in Chennai, TNEA counseling.",https://www.srmeaswari.ac.in,TNEA,,Co-ed
Velammal Engineering College,Engineering,Chennai,Tamil Nadu,"Computer Science, Information Technology, Electronics and Communication, Mechanical Engineering",63,100000,140000,53,"Private engineering college in Chennai, TNEA counseling.",https://www.velammal.edu.in,TNEA,,Co-ed
Rajalakshmi Engineering College,Engineering,Chennai,Tamil Nadu,"Computer Science, Information Technology, Electronics and Communication, Mechanical Engineering",66,120000,160000,47,"Reputed private engineering college in Chennai, TNEA counseling.",https://www.rajalakshmi.org,TNEA,,Co-ed
Panimalar Engineering College,Engineering,Chennai,Tamil Nadu,"Computer Science, Information Technology, Electronics and Communication, Mechanical Engineering",58,90000,130000,56,"Large private engineering college in Chennai, TNEA counseling.",https://www.panimalar.ac.in,TNEA,,Co-ed
St Joseph's College of Engineering,Engineering,Chennai,Tamil Nadu,"Computer Science, Information Technology, Electronics and Communication, Mechanical Engineering",57,100000,140000,57,"Private engineering college in Chennai, TNEA counseling.",https://www.stjosephs.ac.in,TNEA,,Co-ed
B S Abdur Rahman Crescent Institute,Engineering,Chennai,Tamil Nadu,"Computer Science, Information Technology, Aeronautical Engineering, Electronics and Communication",,160000,200000,44,"Private deemed university in Chennai, own entrance test based admission.",https://www.crescent.edu.in,Own Entrance Test,,Co-ed
Meenakshi Sundararajan Engineering College,Engineering,Chennai,Tamil Nadu,"Computer Science, Electronics and Communication, Information Technology, Mechanical Engineering",56,85000,120000,59,"Private engineering college in Chennai, TNEA counseling.",https://www.msec.edu.in,TNEA,,Women Only
Jeppiaar Engineering College,Engineering,Chennai,Tamil Nadu,"Computer Science, Information Technology, Electronics and Communication, Mechanical Engineering",55,90000,125000,61,"Private engineering college in Chennai, TNEA counseling.",https://www.jeppiaarcollege.org,TNEA,,Co-ed
Sri Venkateswara College of Engineering,Engineering,Sriperumbudur,Tamil Nadu,"Computer Science, Information Technology, Electronics and Communication, Mechanical Engineering",59,95000,130000,54,"Private engineering college near Chennai, TNEA counseling.",https://www.svce.ac.in,TNEA,,Co-ed
Madras Institute of Technology,Engineering,Chennai,Tamil Nadu,"Aeronautical Engineering, Automobile Engineering, Computer Science, Electronics and Communication",85,55000,80000,29,"Constituent engineering college of Anna University, TNEA counseling.",https://www.mitindia.edu,TNEA,,Co-ed
Government Dental College Chennai,Medical,Chennai,Tamil Nadu,"BDS, Dental Sciences",,15000,25000,20,"Government dental college in Tamil Nadu, NEET based admission.",https://tngdc.tn.gov.in,NEET,4000,Co-ed
SRM Dental College,Medical,Chennai,Tamil Nadu,"BDS, Dental Sciences",,800000,1000000,35,"Private dental college under SRM group, NEET based admission.",https://srmist.edu.in,NEET,15000,Co-ed
Manipal College of Dental Sciences,Medical,Manipal,Karnataka,"BDS, Dental Sciences",,1500000,1900000,18,"Top private dental college under MAHE, NEET based admission.",https://manipal.edu,NEET,9000,Co-ed
Government Medical College Kozhikode Dental Wing,Medical,Kozhikode,Kerala,"BDS, Dental Sciences",,30000,45000,28,"Government dental college in Kerala, NEET based admission.",https://gdckkd.kerala.gov.in,NEET,6500,Co-ed
JSS Medical College Mysuru,Medical,Mysuru,Karnataka,"MBBS, Medical Sciences, BDS",,1200000,1600000,27,"Reputed private deemed medical college in Karnataka, NEET based admission.",https://jssuni.edu.in,NEET,11000,Co-ed
Government Medical College Amritsar,Medical,Amritsar,Punjab,"MBBS, Medical Sciences",,20000,30000,40,"Government medical college in Punjab, NEET based admission.",https://gmcamritsar.edu.in,NEET,7800,Co-ed
Pandit Bhagwat Dayal Sharma Medical College Rohtak,Medical,Rohtak,Haryana,"MBBS, Medical Sciences",,15000,25000,37,"Government medical college in Haryana, NEET based admission.",https://pgims.gov.in,NEET,7200,Co-ed
National Institute of Pharmaceutical Education Hyderabad,Medical,Hyderabad,Telangana,"Pharmaceutical Sciences, Pharm D",,80000,120000,30,"Premier pharmacy institute, GPAT based admission.",https://niperhyd.ac.in,GPAT,,Co-ed
Jamia Hamdard,Medical,New Delhi,Delhi,"Pharmaceutical Sciences, MBBS, Unani Medicine",,300000,400000,32,"Deemed university known for pharmacy and Unani medicine, NEET/own entrance based.",https://jamiahamdard.edu,NEET,,Co-ed
IIM Vizag,Management,Visakhapatnam,Andhra Pradesh,"MBA, Business Administration",,1100000,1300000,17,"Newly established IIM in Andhra Pradesh, CAT based admission.",https://www.iimv.ac.in,CAT,,Co-ed
Goa Institute of Management,Management,Sanquelim,Goa,"MBA, Business Administration, PGDM",,1700000,1900000,15,"Reputed private B-school in Goa, CAT/XAT/GMAT based admission.",https://www.gim.ac.in,CAT,,Co-ed
Xavier Institute of Management Bhubaneswar,Management,Bhubaneswar,Odisha,"MBA, Business Administration, Rural Management",,1600000,1850000,14,"Reputed private B-school in Odisha, XAT based admission.",https://www.xub.edu.in,XAT,,Co-ed
Indian Institute of Foreign Trade,Management,New Delhi,Delhi,"MBA International Business, Business Administration",,400000,450000,6,"Premier institute for international trade studies, IIFT entrance based admission.",https://www.iift.ac.in,IIFT Entrance,,Co-ed
K J Somaiya Institute of Management,Management,Mumbai,Maharashtra,"MBA, Business Administration, PGDM",,1300000,1500000,24,"Reputed private B-school in Mumbai, CAT/XAT based admission.",https://www.somaiya.edu,CAT,,Co-ed
National Law University Visakhapatnam,Law,Visakhapatnam,Andhra Pradesh,"BA LLB, LLM",75,140000,170000,16,"NLU in Andhra Pradesh, CLAT based admission.",https://www.nluvizag.ac.in,CLAT,,Co-ed
Chanakya National Law University,Law,Patna,Bihar,"BA LLB, LLM",72,110000,140000,17,"NLU in Bihar, CLAT based admission.",https://cnlu.ac.in,CLAT,,Co-ed
Dharmashastra National Law University,Law,Jabalpur,Madhya Pradesh,"BA LLB, LLM",70,120000,150000,18,"NLU in Madhya Pradesh, CLAT based admission.",https://dnlu.ac.in,CLAT,,Co-ed
University Institute of Legal Studies Chandigarh,Law,Chandigarh,Chandigarh,"BA LLB, LLB",74,20000,30000,19,"Reputed government law institute in Chandigarh, CLAT/CET based admission.",https://uils.puchd.ac.in,CLAT,,Co-ed
Government Law College Thiruvananthapuram,Law,Thiruvananthapuram,Kerala,"BA LLB, LLB",68,15000,25000,22,"Government law college in Kerala, KLEE based admission.",https://glctvm.ac.in,KLEE,,Co-ed
PSG Arts and Science College,Arts and Science,Coimbatore,Tamil Nadu,"B.Com, B.A. Economics, B.Sc. Computer Science, B.Sc. Physics",70,40000,55000,33,Autonomous arts and science college in Coimbatore.,https://www.psgcas.ac.in,CUET,,Co-ed
Ethiraj College for Women,Arts and Science,Chennai,Tamil Nadu,"B.Com, B.A. Economics, B.Sc. Computer Science, B.A. English",71,30000,45000,17,Reputed autonomous women's college in Chennai.,https://www.ethirajcollege.edu.in,CUET,,Women Only
Women's Christian College Chennai,Arts and Science,Chennai,Tamil Nadu,"B.A. Economics, B.Com, B.Sc. Computer Science, B.A. English",73,35000,50000,16,Historic autonomous women's college in Chennai.,https://www.wcc.edu.in,CUET,,Women Only
Loyola College Madurai,Arts and Science,Madurai,Tamil Nadu,"B.Com, B.A. Economics, B.Sc. Computer Science",60,25000,38000,46,Autonomous arts and science college in Madurai.,https://loyolacollege.edu,Merit Based,,Co-ed
Ramjas College Delhi,Arts and Science,New Delhi,Delhi,"B.A. Economics, B.Com, B.Sc. Physics, B.A. History",78,20000,30000,11,Reputed autonomous college under University of Delhi.,https://ramjas.du.ac.in,CUET,,Co-ed
Sri Venkateswara College Delhi,Arts and Science,New Delhi,Delhi,"B.A. Economics, B.Sc. Computer Science, B.Com",79,20000,30000,9,Premier autonomous college under University of Delhi.,https://svc.ac.in,CUET,,Co-ed
Gargi College,Arts and Science,New Delhi,Delhi,"B.A. Economics, B.Com, B.Sc. Computer Science",76,18000,28000,13,Reputed women's college under University of Delhi.,https://gargi.du.ac.in,CUET,,Women Only
Government Polytechnic Jaipur,Polytechnic,Jaipur,Rajasthan,"Diploma in Mechanical Engineering, Diploma in Civil Engineering, Diploma in Electronics",47,9000,14000,38,Government polytechnic in Rajasthan.,https://gpjaipur.ac.in,REAP Diploma,,Co-ed
Government Polytechnic Bhopal,Polytechnic,Bhopal,Madhya Pradesh,"Diploma in Computer Engineering, Diploma in Civil Engineering, Diploma in Mechanical Engineering",46,9000,14000,40,Government polytechnic in Madhya Pradesh.,https://gpbhopal.ac.in,Merit Based,,Co-ed
Government Polytechnic Raipur,Polytechnic,Raipur,Chhattisgarh,"Diploma in Mechanical Engineering, Diploma in Electrical Engineering",44,8500,13000,42,Government polytechnic in Chhattisgarh.,https://gpraipur.ac.in,Merit Based,,Co-ed
Annamalai University,Engineering,Chidambaram,Tamil Nadu,"Computer Science, Mechanical Engineering, Civil Engineering, Electronics and Communication",68,80000,110000,41,"Large multi-disciplinary university in Tamil Nadu, TNEA and own counseling.",https://www.annamalaiuniversity.ac.in,TNEA,,Co-ed
Kalasalingam Academy of Research and Education,Engineering,Krishnankoil,Tamil Nadu,"Computer Science, Electronics and Communication, Mechanical Engineering, Biotechnology",60,150000,190000,56,"Private deemed university in Tamil Nadu, own entrance test based admission.",https://www.klu.ac.in,Own Entrance Test,,Co-ed
Karunya Institute of Technology and Sciences,Engineering,Coimbatore,Tamil Nadu,"Computer Science, Aerospace Engineering, Electronics and Communication, Biotechnology",62,160000,200000,54,"Private deemed university in Coimbatore, own entrance test based admission.",https://www.karunya.edu,Own Entrance Test,,Co-ed
University of Hyderabad,Arts and Science,Hyderabad,Telangana,"B.A. Economics, B.Sc. Computer Science, M.A./M.Sc. Integrated Programmes",,15000,25000,7,"Premier central university known for integrated programs, CUET based admission.",https://uohyd.ac.in,CUET,,Co-ed
Banaras Hindu University Faculty of Arts,Arts and Science,Varanasi,Uttar Pradesh,"B.A. Economics, B.A. History, B.Sc. Computer Science, B.Com",,12000,20000,9,"Historic central university faculty of arts, CUET based admission.",https://www.bhu.ac.in,CUET,,Co-ed
Government Engineering College Bilaspur,Engineering,Bilaspur,Chhattisgarh,"Computer Science, Civil Engineering, Mechanical Engineering, Electronics and Communication",60,40000,60000,68,"Government engineering college in Chhattisgarh, CG PET based admission.",https://gecbilaspur.ac.in,CG PET,,Co-ed
Amity University Noida,Engineering,Noida,Uttar Pradesh,"Computer Science, Information Technology, Business Administration, Biotechnology",,250000,320000,42,"Large private deemed university with multiple disciplines, own entrance test based admission.",https://www.amity.edu,Amity JEE,,Co-ed
Lovely Professional University,Engineering,Phagwara,Punjab,"Computer Science, Information Technology, Mechanical Engineering, Business Administration",,180000,240000,38,"Large private university in Punjab known for diverse programs, LPUNEST based admission.",https://www.lpu.in,LPUNEST,,Co-ed
Thapar Institute of Engineering and Technology,Engineering,Patiala,Punjab,"Computer Science, Electronics and Communication, Mechanical Engineering, Chemical Engineering",,300000,360000,19,"Reputed private deemed university in Punjab, JEE Main based admission.",https://www.thapar.edu,JEE Main,12000,Co-ed
Amrita Vishwa Vidyapeetham Coimbatore,Engineering,Coimbatore,Tamil Nadu,"Computer Science, Electronics and Communication, Mechanical Engineering, Biotechnology",,280000,340000,21,"Reputed private deemed university, AEEE based admission.",https://www.amrita.edu,AEEE,,Co-ed
SASTRA Deemed University,Engineering,Thanjavur,Tamil Nadu,"Computer Science, Electronics and Communication, Mechanical Engineering, Biotechnology",,250000,310000,24,"Private deemed university in Tamil Nadu, own entrance test based admission.",https://www.sastra.edu,SASTRA Entrance,,Co-ed
Shiv Nadar University,Engineering,Greater Noida,Uttar Pradesh,"Computer Science, Electronics and Communication, Business Administration, Data Science",,350000,420000,27,"Private research university near Delhi, own entrance test based admission.",https://snu.edu.in,SNUSAT,,Co-ed
Ashoka University,Arts and Science,Sonipat,Haryana,"B.A. Economics, B.A. Political Science, B.Sc. Computer Science, B.A. Liberal Arts",,1000000,1200000,5,"Premier liberal arts private university, own entrance test and interview based admission.",https://www.ashoka.edu.in,Ashoka Aptitude Test,,Co-ed
FLAME University,Arts and Science,Pune,Maharashtra,"B.A. Liberal Arts, B.A. Economics, B.Sc. Computer Science, B.B.A.",,650000,800000,28,"Liberal education private university in Pune, own entrance test based admission.",https://www.flame.edu.in,FLAME Entrance Test,,Co-ed
Tata Institute of Social Sciences,Arts and Science,Mumbai,Maharashtra,"B.A. Social Work, M.A. Social Sciences",,30000,50000,4,"Premier institute for social sciences and social work, TISS-BAT based admission.",https://www.tiss.edu,TISS-BAT,,Co-ed
Azim Premji University,Arts and Science,Bengaluru,Karnataka,"B.A. Liberal Arts, B.A. Economics, B.Ed",,200000,250000,19,"Private university focused on education and development studies, own entrance test based admission.",https://azimpremjiuniversity.edu.in,Own Entrance Test,,Co-ed
National Institute of Fashion Technology Delhi,Arts and Science,New Delhi,Delhi,"Fashion Design, Textile Design, Fashion Communication, Accessory Design",,150000,200000,1,"Premier government fashion institute, NIFT entrance exam based admission.",https://www.nift.ac.in,NIFT Entrance,,Co-ed
National Institute of Fashion Technology Mumbai,Arts and Science,Mumbai,Maharashtra,"Fashion Design, Textile Design, Fashion Communication, Leather Design",,150000,200000,6,"NIFT campus in Mumbai, NIFT entrance exam based admission.",https://www.nift.ac.in,NIFT Entrance,,Co-ed
Pearl Academy,Arts and Science,New Delhi,Delhi,"Fashion Design, Interior Design, Fashion Communication",,400000,500000,15,"Private design institute in Delhi, own entrance test based admission.",https://www.pearlacademy.com,Pearl Entrance Test,,Co-ed
National Institute of Design Ahmedabad,Arts and Science,Ahmedabad,Gujarat,"Industrial Design, Communication Design, Textile Design",,250000,300000,1,"Premier government design institute, NID DAT based admission.",https://www.nid.edu,NID DAT,,Co-ed
CEPT University,Arts and Science,Ahmedabad,Gujarat,"Architecture, Planning, Design",,350000,420000,8,"Reputed private university for architecture and planning, CEPT entrance test based admission.",https://cept.ac.in,CEPT Entrance,,Co-ed
School of Planning and Architecture Delhi,Engineering,New Delhi,Delhi,"Architecture, Planning, Landscape Architecture",,30000,45000,1,"Premier government institute for architecture and planning, JEE Main Paper 2 based admission.",https://www.spa.ac.in,JEE Main Paper 2,5000,Co-ed
Manipal Academy of Higher Education,Arts and Science,Manipal,Karnataka,"B.A. Economics, B.Com, B.Sc. Computer Science, B.B.A.",,300000,380000,16,"Large private deemed university with multiple disciplines, MET based admission.",https://manipal.edu,MET,,Co-ed
Wilson College Mumbai,Arts and Science,Mumbai,Maharashtra,"B.A. Economics, B.Sc. Computer Science, B.Com, B.A. English",74,30000,45000,17,Historic autonomous college affiliated with University of Mumbai.,https://wilsoncollege.edu,CUET,,Co-ed
Elphinstone College Mumbai,Arts and Science,Mumbai,Maharashtra,"B.A. Economics, B.Sc. Physics, B.Com, B.A. History",73,15000,25000,19,"One of the oldest colleges in India, government college affiliated with Mumbai University.",https://elphinstone.ac.in,Merit Based,,Co-ed
Shaheed Bhagat Singh College,Arts and Science,New Delhi,Delhi,"B.Com, B.A. Economics, B.B.A.",75,18000,28000,21,Reputed commerce-focused college under University of Delhi.,https://sbs.du.ac.in,CUET,,Co-ed
Sri Ramakrishna Engineering College,Engineering,Coimbatore,Tamil Nadu,"Computer Science, Information Technology, Electronics and Communication, Mechanical Engineering",65,120000,160000,51,"Private engineering college in Coimbatore, TNEA counseling.",https://www.srec.ac.in,TNEA,,Co-ed
Vels Institute of Science Technology and Advanced Studies,Engineering,Chennai,Tamil Nadu,"Computer Science, Information Technology, Aeronautical Engineering, Biotechnology",,160000,200000,57,"Private deemed university in Chennai, own entrance test based admission.",https://www.velsuniv.ac.in,Own Entrance Test,,Co-ed
Bharathiar University,Arts and Science,Coimbatore,Tamil Nadu,"B.Com, B.A. Economics, B.Sc. Computer Science, B.Sc. Physics",,15000,25000,26,State university in Tamil Nadu offering diverse undergraduate programs.,https://www.b-u.ac.in,Merit Based,,Co-ed
Periyar University,Arts and Science,Salem,Tamil Nadu,"B.Com, B.A. Economics, B.Sc. Computer Science",,12000,20000,30,"State university in Tamil Nadu, merit based admission.",https://www.periyaruniversity.ac.in,Merit Based,,Co-ed
Topiwala National Medical College,Medical,Mumbai,Maharashtra,"MBBS, Medical Sciences",,20000,30000,38,"Government medical college affiliated with Nair Hospital in Mumbai, NEET based admission.",https://tnmcnair.com,NEET,4900,Co-ed
Lady Hardinge Medical College,Medical,New Delhi,Delhi,"MBBS, Medical Sciences",,15000,25000,12,"Premier women's medical college in Delhi, NEET based admission.",https://www.lhmc-hosp.gov.in,NEET,1300,Women Only
Gajra Raja Medical College,Medical,Gwalior,Madhya Pradesh,"MBBS, Medical Sciences",,20000,30000,35,"Government medical college in Madhya Pradesh, NEET based admission.",https://grmcgwl.org,NEET,5600,Co-ed
Mysore Medical College and Research Institute,Medical,Mysuru,Karnataka,"MBBS, Medical Sciences",,20000,30000,33,"Government medical college in Karnataka, NEET based admission.",https://mmcri.ac.in,NEET,5300,Co-ed
Gulbarga Institute of Medical Sciences,Medical,Kalaburagi,Karnataka,"MBBS, Medical Sciences",,20000,30000,41,"Government medical college in Karnataka, NEET based admission.",https://gims.kar.nic.in,NEET,6800,Co-ed
National Institute of Technology Goa,Engineering,Farmagudi,Goa,"Computer Science, Electronics and Communication, Mechanical Engineering, Civil Engineering",,120000,150000,49,"NIT in Goa, JEE Main based admission.",https://www.nitgoa.ac.in,JEE Main,16000,Co-ed
MIT World Peace University,Engineering,Pune,Maharashtra,"Computer Science, Electronics and Communication, Mechanical Engineering, Civil Engineering",,200000,260000,45,"Private university in Pune, own entrance test and MHT-CET based admission.",https://mitwpu.edu.in,MHT-CET,,Co-ed
Pillai College of Engineering,Engineering,Navi Mumbai,Maharashtra,"Computer Science, Information Technology, Electronics and Telecommunication, Mechanical Engineering",60,100000,140000,55,"Private engineering college in Navi Mumbai, MHT-CET based admission.",https://www.mes.ac.in,MHT-CET,,Co-ed
Vishwakarma Institute of Technology,Engineering,Pune,Maharashtra,"Computer Science, Electronics and Communication, Mechanical Engineering, Civil Engineering",72,130000,170000,39,"Reputed private engineering college in Pune, MHT-CET based admission.",https://www.vit.edu,MHT-CET,,Co-ed
North Eastern Regional Institute of Science and Technology,Engineering,Itanagar,Arunachal Pradesh,"Computer Science, Electronics and Communication, Mechanical Engineering, Civil Engineering",,100000,130000,69,"Deemed university in Arunachal Pradesh, own entrance test based admission.",https://nerist.ac.in,Own Entrance Test,,Co-ed
Tripura University,Engineering,Agartala,Tripura,"Computer Science, Electronics and Communication, Civil Engineering",,80000,110000,70,State university in Tripura offering engineering programs.,https://www.tripurauniv.ac.in,Merit Based,,Co-ed
Indian Institute of Technology Bhubaneswar,Engineering,Bhubaneswar,Odisha,"Computer Science, Electrical Engineering, Mechanical Engineering, Civil Engineering",,200000,250000,18,"IIT in Odisha, JEE Advanced based admission.",https://www.iitbbs.ac.in,JEE Advanced,4500,Co-ed
Indian Institute of Technology Indore,Engineering,Indore,Madhya Pradesh,"Computer Science, Electrical Engineering, Mechanical Engineering, Civil Engineering",,200000,250000,12,"IIT in Madhya Pradesh, JEE Advanced based admission.",https://www.iiti.ac.in,JEE Advanced,2200,Co-ed
Indian Institute of Technology Mandi,Engineering,Mandi,Himachal Pradesh,"Computer Science, Electrical Engineering, Mechanical Engineering, Civil Engineering",,200000,250000,20,"IIT in Himachal Pradesh, JEE Advanced based admission.",https://www.iitmandi.ac.in,JEE Advanced,5200,Co-ed
Indian Institute of Technology Jodhpur,Engineering,Jodhpur,Rajasthan,"Computer Science, Electrical Engineering, Mechanical Engineering, Civil Engineering",,200000,250000,14,"IIT in Rajasthan, JEE Advanced based admission.",https://www.iitj.ac.in,JEE Advanced,3000,Co-ed
Indian Institute of Technology Ropar,Engineering,Rupnagar,Punjab,"Computer Science, Electrical Engineering, Mechanical Engineering, Civil Engineering",,200000,250000,21,"IIT in Punjab, JEE Advanced based admission.",https://www.iitrpr.ac.in,JEE Advanced,5400,Co-ed
University of California Berkeley,International Universities,Berkeley,United States,"Computer Science, Business Administration, Engineering, Data Science",,4500000,5200000,3,"Top US public research university, SAT/ACT and own application based admission.",https://www.berkeley.edu,Direct Admission,,Co-ed
University of Texas at Austin,International Universities,Austin,United States,"Computer Science, Business Administration, Engineering",,4200000,4900000,8,"Leading US public university, own application based admission.",https://www.utexas.edu,Direct Admission,,Co-ed
Nanyang Technological University,International Universities,Singapore,Singapore,"Computer Science, Engineering, Business Administration",,2400000,3000000,2,"Top-ranked university in Singapore, accepts Indian board scores.",https://www.ntu.edu.sg,SAT/Direct Admission,,Co-ed
University of British Columbia,International Universities,Vancouver,Canada,"Computer Science, Engineering, Business Administration, Life Sciences",,3300000,4000000,2,"Leading Canadian university, requires Indian 12th marks and English proficiency test.",https://www.ubc.ca,Direct Admission,,Co-ed
University of Manchester,International Universities,Manchester,United Kingdom,"Computer Science, Business Administration, Engineering",,2800000,3300000,5,"Top UK university, accepts Indian 12th board scores with IELTS.",https://www.manchester.ac.uk,Direct Admission,,Co-ed
Monash University,International Universities,Melbourne,Australia,"Computer Science, Business Administration, Engineering, Life Sciences",,2700000,3300000,3,"Leading Australian university, accepts Indian 12th board scores with IELTS.",https://www.monash.edu,Direct Admission,,Co-ed